gene,relevance,abs_relevance,input_value
DGKB,-13.469027,13.469027,2.616386
DCLK2,12.377762,12.377762,2.6301708
PAWR,-10.344912,10.344912,-2.3087502
ARPP21,8.840796,8.840796,2.385089
CNP,6.613259,6.613259,4.225023
KCNN2,6.507879,6.507879,2.0932417
CNN2,-6.424383,6.424383,-2.2295933
CRYL1,-6.380639,6.380639,1.533261
CAMKV,6.3430166,6.3430166,2.390558
IQCK,6.247127,6.247127,1.8667966
GRB7,-6.069555,6.069555,-3.2153432
JPH4,6.0500073,6.0500073,2.105054
TMOD2,5.2708726,5.2708726,2.466228
SEMA3F,5.2632213,5.2632213,-3.2543895
GATA6,5.1726465,5.1726465,-2.8039074
MAPK13,-4.9758554,4.9758554,-3.31222
GRM3,4.8665423,4.8665423,3.7231781
NPPA,4.757592,4.757592,2.657449
MAP2,4.6697907,4.6697907,1.7187203
GPX8,-4.40914,4.40914,-2.8964412
IRX5,4.374159,4.374159,-0.92889756
CEACAM1,-4.124558,4.124558,-2.1084247
PLEK2,-4.1188245,4.1188245,-3.2445383
TAGLN2,-3.9558425,3.9558425,-2.3366208
PDE8B,-3.8830986,3.8830986,1.7178012
MYO5B,-3.7322395,3.7322395,-2.1490524
TSHR,-3.7232878,3.7232878,1.4521531
CASP6,3.6647735,3.6647735,-2.391824
PDZD4,-3.5164158,3.5164158,2.2238364
S100A11,-3.4924786,3.4924786,-2.0181754
KCNK5,3.482904,3.482904,-1.7421871
KCNJ10,-3.258925,3.258925,2.913312
NEUROD1,-3.2204683,3.2204683,2.1128182
MYO1D,-3.1615245,3.1615245,-0.69658554
ENPEP,-3.1548703,3.1548703,-1.2248482
DCX,3.0590668,3.0590668,2.2949378
MYO1C,-3.0362384,3.0362384,-2.7004807
SCNN1A,2.905697,2.905697,-2.507607
ACSBG1,-2.8598351,2.8598351,3.2113862
PAX8,2.7467165,2.7467165,-1.637364
BCL2L15,-2.5557983,2.5557983,-0.48806432
TBX3,2.4368849,2.4368849,-1.1380581
GJB1,2.3830488,2.3830488,1.324543
C3orf52,2.3747187,2.3747187,-2.7323363
CDK5R1,-2.341262,2.341262,1.6579521
KCNQ2,2.3259022,2.3259022,2.5038729
BEST3,2.2404013,2.2404013,2.23157
ANXA2,-2.101893,2.101893,-2.517528
ANXA8,-2.0373495,2.0373495,-0.9643586
PLXNB3,-2.0130985,2.0130985,1.3785051
CASP8,1.9730359,1.9730359,-2.0466764
FOXA1,1.88009,1.88009,-1.3443424
PDYN,1.8500848,1.8500848,1.1460851
SLC22A6,-1.8398788,1.8398788,1.9106035
FOXE1,1.8228974,1.8228974,-0.7458548
ACSM2B,1.7735817,1.7735817,-0.39276087
SLCO4C1,1.7431617,1.7431617,-0.83504325
PRSS8,1.7389858,1.7389858,-3.2039325
GLYAT,1.7291522,1.7291522,-0.37767163
MCTP2,1.7109202,1.7109202,-2.4947495
GPX2,-1.707846,1.707846,-1.261849
SLITRK1,-1.6933753,1.6933753,2.5801256
OCIAD2,1.684739,1.684739,-3.086492
GRIA1,1.6505741,1.6505741,2.6043735
MET,1.6249192,1.6249192,-1.6002352
GAD2,1.6179739,1.6179739,1.7277955
ASTN2,-1.58338,1.58338,1.5742049
WSCD1,1.5288049,1.5288049,1.9261739
KCNC1,1.5259513,1.5259513,1.7939714
SLC1A3,-1.5176624,1.5176624,2.4548233
TMC5,-1.4661585,1.4661585,-1.5073442
HNF1B,1.4555335,1.4555335,-0.763172
DSP,-1.4129779,1.4129779,-1.9288044
GRIK3,-1.4070916,1.4070916,1.5475199
LGALS4,-1.3862716,1.3862716,-0.6831436
ATP1A3,-1.3671098,1.3671098,2.2875013
AP1M2,1.3642247,1.3642247,-2.77845
SEMA5B,-1.3471782,1.3471782,1.2527419
NRXN1,-1.3411103,1.3411103,2.3400333
HHEX,-1.3407928,1.3407928,0.56694007
SLIT1,-1.3402244,1.3402244,1.7570746
CLDN7,1.3392754,1.3392754,-3.086207
ATP1B2,-1.3004221,1.3004221,2.3841329
SYP,1.2888352,1.2888352,2.07612
FYN,1.2791445,1.2791445,1.9580934
PKP1,-1.2774346,1.2774346,-1.6004212
KCNJ16,-1.2632427,1.2632427,0.9501597
STXBP2,1.2548304,1.2548304,-2.138521
MAPT,1.2225347,1.2225347,1.6779385
ERBB2,1.1892949,1.1892949,-2.3023198
S100A5,1.1837823,1.1837823,-0.7800213
ACSM2A,1.1771775,1.1771775,-0.3005325
HOMER2,-1.1708364,1.1708364,-0.5454408
EPCAM,1.1678448,1.1678448,-2.37085
UNC80,-1.1558245,1.1558245,1.9564956
AQP3,1.1527878,1.1527878,-1.9508431
ADCYAP1R1,-1.1487551,1.1487551,2.9046345
NOX1,-1.1468763,1.1468763,-0.6627502
DPF1,-1.1449122,1.1449122,1.8245147
DSG2,1.1385591,1.1385591,-3.6185489
CAPNS2,1.1207755,1.1207755,-0.6315625
POSTN,1.118898,1.118898,-2.953373
HNF4A,1.1164026,1.1164026,-0.72713476
KCNJ9,-1.1108255,1.1108255,3.1994462
RAB25,1.1081839,1.1081839,-2.6025016
KRT18,1.1021626,1.1021626,-3.9840398
F11R,1.1020006,1.1020006,-2.7984834
TMPRSS2,1.0957295,1.0957295,-1.6750444
SLC6A1,-1.0815506,1.0815506,2.63628
SMARCD2,1.0722091,1.0722091,-1.8783207
MST1R,1.0695676,1.0695676,-1.7053651
EPHA1,1.0633466,1.0633466,-3.1382291
IRF6,1.0624181,1.0624181,-2.6255343
KIAA1522,1.0437243,1.0437243,-2.8953888
SOX15,-1.0381438,1.0381438,0.901875
RPE65,-1.0365368,1.0365368,3.5424001
ACTL6B,-1.0028788,1.0028788,2.1423032
GFAP,-0.98795336,0.98795336,3.399717
CLDN4,0.9850639,0.9850639,-3.0326445
GABRG1,-0.98186356,0.98186356,3.6171656
CYP4A11,0.9803106,0.9803106,-0.31649357
SLC4A4,-0.97239125,0.97239125,1.4069544
HAO2,0.96752524,0.96752524,-0.32443982
ATP2B2,0.9611615,0.9611615,1.8389109
TRPM4,0.9610895,0.9610895,-1.8090268
GABRB1,-0.9524727,0.9524727,2.1954885
XBP1,0.9359711,0.9359711,-1.4738077
OPALIN,-0.93564886,0.93564886,4.502037
GABRA1,-0.9302111,0.9302111,2.3850443
FOXA2,0.9207781,0.9207781,-0.8419766
DUOX1,-0.9204596,0.9204596,-0.5132396
PRR15L,0.91635245,0.91635245,-2.391121
GRID2,-0.90953326,0.90953326,3.0281234
MACC1,0.90638715,0.90638715,-3.1627324
HABP4,-0.9035071,0.9035071,1.9597723
APC,-0.9006064,0.9006064,2.705486
SLC8A3,-0.89500535,0.89500535,2.543323
CSMD3,-0.8843008,0.8843008,2.4746642
KRT8,0.8833117,0.8833117,-3.3169827
GRIA3,-0.87998366,0.87998366,2.4247797
TNS4,0.8765746,0.8765746,-1.9909862
ELAVL3,0.87365377,0.87365377,2.9584765
EXOC3L2,0.8718381,0.8718381,-2.6773522
GRIA4,-0.86344343,0.86344343,2.5388505
B3GAT2,-0.85340434,0.85340434,3.948689
CNTN2,-0.85321355,0.85321355,3.582737
ANKS1B,0.8497208,0.8497208,2.0076075
PCDH10,-0.84021014,0.84021014,1.8936841
MOG,-0.83859754,0.83859754,3.9634383
NKX6-2,0.82583857,0.82583857,4.051214
SDC1,0.81771547,0.81771547,-3.2770987
ABI2,-0.81379074,0.81379074,2.0829356
NXPH1,-0.8095955,0.8095955,2.4627664
PCDH15,-0.8077592,0.8077592,2.608478
ESRP1,0.8076711,0.8076711,-2.6361496
LRRTM3,-0.8073096,0.8073096,2.586936
CDH10,-0.794735,0.794735,2.5112343
TNR,-0.785753,0.785753,2.9413953
RAB3D,0.78192973,0.78192973,-1.8841189
MSMB,0.76344496,0.76344496,-0.8389941
PTPN3,0.75932676,0.75932676,-3.5488172
CDH20,-0.75821793,0.75821793,3.1277773
STX1B,-0.74825996,0.74825996,1.968022
COL6A3,0.744275,0.744275,-2.5631654
FAIM2,-0.74213594,0.74213594,2.302399
CACNG7,-0.74204314,0.74204314,3.017547
APC2,-0.7380088,0.7380088,2.697095
CDKN2A,-0.73687965,0.73687965,0.43245402
SHISA7,-0.72698724,0.72698724,2.9917567
LRRC8E,0.7178905,0.7178905,-2.936307
CTNNA2,-0.7152396,0.7152396,2.304211
SYTL1,-0.7017938,0.7017938,-2.6292565
STAT6,0.69532925,0.69532925,-2.427946
MYO1A,0.694431,0.694431,0.37047312
PMP2,-0.68901247,0.68901247,3.2118843
S100A14,0.6848863,0.6848863,-1.8155546
USH1C,-0.68184257,0.68184257,1.3494068
IL17D,0.68159854,0.68159854,3.234053
BCAN,-0.6740594,0.6740594,2.6812425
CACNG2,-0.6704302,0.6704302,2.231721
SLC7A14,-0.65489835,0.65489835,2.485424
CELSR1,0.6543172,0.6543172,-2.522709
KRT14,-0.649927,0.649927,-1.0344136
PLS1,0.64331657,0.64331657,-2.3079665
CBLC,0.64317226,0.64317226,-2.055731
BAIAP2L1,0.64120543,0.64120543,-3.0145137
MAG,-0.6395952,0.6395952,3.2015166
EPS8L1,0.6395925,0.6395925,-2.4607227
P2RY2,0.62668526,0.62668526,-1.9181619
PKP3,0.62532693,0.62532693,-2.6371791
GRIK5,-0.6221118,0.6221118,1.7739666
MAPK8IP1,0.6157679,0.6157679,2.2089508
EVPL,0.6146878,0.6146878,-3.4021952
BRCA2,0.6095404,0.6095404,-1.7796854
CDC42BPG,0.5982132,0.5982132,-2.7645464
SOX2,-0.5978068,0.5978068,1.7152333
AGR2,0.5907281,0.5907281,-1.6850337
NLGN3,-0.5906871,0.5906871,2.5222647
HTR5A,-0.5823174,0.5823174,1.867072
NRG3,-0.58222127,0.58222127,2.3632798
EFNA2,-0.58028436,0.58028436,1.0631166
DDC,-0.5760607,0.5760607,-0.5821147
DSCAM,0.5728793,0.5728793,2.5215266
KRT7,0.5664798,0.5664798,-1.8327564
NCAN,-0.5657747,0.5657747,2.5807154
SLC32A1,-0.56576866,0.56576866,1.8761976
ATP8B1,0.56183296,0.56183296,-2.7466476
SLC22A12,0.5580889,0.5580889,-0.39671424
SPINT1,0.55633974,0.55633974,-2.6143062
SOX17,-0.5546211,0.5546211,0.28487673
RPH3A,-0.54974896,0.54974896,2.4276454
MDGA2,-0.54919654,0.54919654,2.532665
RNF43,0.54842204,0.54842204,-2.2035599
CSTA,-0.5464659,0.5464659,-1.6351429
GSG1L,-0.5449248,0.5449248,2.9794173
GNG3,-0.5435033,0.5435033,2.0230632
SLC22A11,0.5427656,0.5427656,-0.35192147
FXYD3,0.5382026,0.5382026,-1.1085687
BRAF,-0.5370409,0.5370409,-0.7809753
ANO9,0.53484523,0.53484523,-2.4436452
MLC1,-0.534597,0.534597,2.9442492
SLITRK2,-0.5323147,0.5323147,2.3128114
HHATL,-0.53162205,0.53162205,2.2182703
CEACAM6,-0.5289209,0.5289209,-1.5112164
TOM1L1,0.525981,0.525981,-2.608672
IL22RA1,-0.5248281,0.5248281,-1.9760712
TJP3,0.52275664,0.52275664,-2.214138
IGSF11,0.5217273,0.5217273,2.2296567
JUP,0.5195396,0.5195396,-1.847008
ST14,0.5161172,0.5161172,-2.8132849
HAPLN2,-0.5156029,0.5156029,3.372728
KRT19,0.5120606,0.5120606,-3.1169977
SFN,0.5067511,0.5067511,-2.0855498
CACNG3,-0.505,0.505,1.9037294
KIF5A,-0.50492966,0.50492966,2.6643562
SCD5,-0.50205743,0.50205743,2.1720304
CNTNAP4,-0.49929222,0.49929222,3.759092
NTSR2,-0.4956559,0.4956559,3.6230397
LRRTM4,-0.49344197,0.49344197,2.0265365
HEPACAM,-0.49244785,0.49244785,2.813055
SLCO1C1,-0.49205288,0.49205288,2.8040986
CLDN3,0.49127075,0.49127075,-2.3580358
PRICKLE3,0.48845452,0.48845452,-2.1837747
MOBP,-0.48500338,0.48500338,4.1274295
PCDHGC3,-0.48372656,0.48372656,2.0540328
GRIA2,-0.48151657,0.48151657,2.1113997
CSPG5,-0.47964174,0.47964174,1.8635858
ITGB6,0.47849905,0.47849905,-2.498542
ANKS4B,0.47706577,0.47706577,-0.63905805
TSPAN8,-0.47463608,0.47463608,0.13679945
KCNJ15,0.4688909,0.4688909,-1.6032358
SPINT2,0.46643707,0.46643707,-2.7745242
CYP46A1,-0.46604034,0.46604034,2.3507216
TRIM9,0.45655522,0.45655522,2.1007378
NLGN1,-0.45366934,0.45366934,1.6311613
LRRC4B,-0.45342147,0.45342147,2.454607
B3GAT1,-0.4524942,0.4524942,2.0254803
GALNT12,0.44934434,0.44934434,-1.8552288
CTNND2,-0.44838685,0.44838685,2.0982594
HGD,0.44509417,0.44509417,-1.4817401
ASTN1,-0.44508985,0.44508985,2.376326
SCN1A,0.44220108,0.44220108,1.8520858
GRID1,-0.4405069,0.4405069,1.8478148
FAM163B,-0.43906996,0.43906996,2.441755
PLP1,-0.43629032,0.43629032,3.2538412
SYT11,-0.4334433,0.4334433,2.7725503
SLC1A2,0.42599726,0.42599726,2.406565
GPR160,-0.42546213,0.42546213,-1.1464854
VSTM2B,-0.42022794,0.42022794,2.9951575
SLC25A24,0.41789305,0.41789305,-1.7240555
ELF3,0.41480172,0.41480172,-3.0150626
SLC22A2,0.41222212,0.41222212,-0.39166233
PDZD3,0.409515,0.409515,-0.7647847
MEP1A,0.40479985,0.40479985,0.9676202
TMPRSS11D,-0.4006576,0.4006576,-0.57552713
IDH1,0.40015984,0.40015984,-1.1877698
PPL,0.39818987,0.39818987,-3.2174647
MLPH,0.39656976,0.39656976,-2.0777965
CISH,0.39517683,0.39517683,-2.173222
GRHL2,0.39401487,0.39401487,-2.378705
MYL12A,0.3890693,0.3890693,-2.206571
TACSTD2,0.3886493,0.3886493,-2.5095603
MT3,-0.38555366,0.38555366,2.4917507
ZG16B,0.38530567,0.38530567,-1.288612
NRSN1,-0.38510957,0.38510957,2.5135195
FGFR3,-0.38298693,0.38298693,1.0626101
PDLIM1,0.38096833,0.38096833,-3.297643
SH2D3A,0.38004962,0.38004962,-3.0692785
GATA3,0.37966943,0.37966943,-1.3291323
GALNT3,0.378077,0.378077,-2.0322404
CDHR2,0.37723994,0.37723994,-0.7855658
LIX1,-0.37472248,0.37472248,2.6494002
PRUNE2,-0.37436378,0.37436378,1.5946183
CACNG8,-0.37322322,0.37322322,1.5379688
DPP6,-0.37131593,0.37131593,2.1911342
LRRTM2,-0.36883005,0.36883005,2.3196447
ACSM5,0.36717907,0.36717907,1.9294319
CEACAM5,0.36671212,0.36671212,-1.1919869
LRP2,-0.36588213,0.36588213,0.88760537
SYNPR,-0.36563462,0.36563462,1.6906966
NKAIN4,-0.36020085,0.36020085,2.422925
OTOS,0.3596812,0.3596812,0.65157884
RIPK4,0.3591202,0.3591202,-2.928661
CRB1,0.35839093,0.35839093,2.8401933
THRA,-0.35691556,0.35691556,2.6145074
KLK3,0.3563792,0.3563792,-0.5084866
ESR1,-0.35592723,0.35592723,-1.2548425
SFTPB,0.3550342,0.3550342,-0.77235156
SNCB,-0.35347274,0.35347274,1.9881674
FRK,0.35259056,0.35259056,-1.1353796
CDHR5,0.35094988,0.35094988,-0.5923724
IYD,0.3453293,0.3453293,-1.1096897
GDI1,-0.34110558,0.34110558,2.4882576
PPP3CA,0.3384967,0.3384967,0.33308527
UGT1A6,0.33744723,0.33744723,-1.0740223
STMN4,-0.33569983,0.33569983,3.2030563
ITPR3,-0.33482853,0.33482853,-2.4743261
IRX3,0.3231496,0.3231496,-0.14834052
MTOR,0.32209295,0.32209295,0.5648371
KLF5,0.3182443,0.3182443,-2.1791685
MARVELD2,0.31593743,0.31593743,-1.930616
GJB3,0.31011418,0.31011418,-1.6081883
LPIN3,0.30994344,0.30994344,-2.1946573
LAMC2,0.3078919,0.3078919,-2.7585065
CUX2,-0.30657682,0.30657682,0.846498
VAMP8,0.30621877,0.30621877,-1.7938253
LAD1,0.30538264,0.30538264,-2.7210798
KCNIP1,-0.30335757,0.30335757,2.3745224
TPO,-0.3001018,0.3001018,-0.5775591
FAM174B,0.29923064,0.29923064,-1.1642197
MBOAT1,0.2987921,0.2987921,-1.2630717
LGI3,-0.2948415,0.2948415,2.0982835
SLC17A4,0.29481798,0.29481798,-0.48596197
PTK6,0.29319298,0.29319298,-1.0010436
AR,0.2922736,0.2922736,0.6842995
MAL2,0.29188865,0.29188865,-2.6639063
DSC3,0.28997767,0.28997767,-1.3605943
KIF5C,-0.28884733,0.28884733,1.7929691
ABCC4,-0.28646863,0.28646863,0.22061986
NTF4,0.28578717,0.28578717,-1.2296761
ELAVL4,-0.28418443,0.28418443,2.470307
CHRM1,-0.28386968,0.28386968,0.5881292
STAP2,0.2834638,0.2834638,-2.8326197
ARHGEF4,-0.2795907,0.2795907,1.3887029
TMPRSS4,0.27640426,0.27640426,-1.5761362
ICA1,0.2759759,0.2759759,-1.0551847
ILDR1,0.27377042,0.27377042,-1.9424385
SERPINB5,0.2729712,0.2729712,-1.2994026
GPM6A,-0.2722087,0.2722087,2.3979356
PLP2,0.27055693,0.27055693,-2.536785
HNF1A,0.27051294,0.27051294,-0.39609176
SLC17A2,0.2700058,0.2700058,-0.33292773
SDR16C5,-0.2678607,0.2678607,-0.95314234
RHOD,0.26724645,0.26724645,-2.6701756
STEAP4,0.26709878,0.26709878,-1.8862187
CADPS,-0.2656477,0.2656477,1.7944602
FUT2,0.2655177,0.2655177,-1.1100206
TUBA1C,0.26527673,0.26527673,-2.0733876
SLC22A17,-0.26081887,0.26081887,1.8099254
PRODH2,0.26077884,0.26077884,-0.34965616
RAB27A,0.25997922,0.25997922,-1.8103601
SLC34A2,0.25981233,0.25981233,-1.1779782
MMD2,-0.25742316,0.25742316,2.81277
EPS8L2,0.257175,0.257175,-2.7744696
PTPRZ1,-0.25530514,0.25530514,1.90449
CLDN2,0.25527236,0.25527236,-0.93444437
MYB,0.25146788,0.25146788,-1.8809882
LMX1B,-0.25031915,0.25031915,-0.4420103
GPRC5B,0.24900003,0.24900003,2.7799008
LHFPL3,0.24801783,0.24801783,2.495346
GUCY2C,0.24715446,0.24715446,-0.71214247
AMN,-0.24710892,0.24710892,-1.1133438
DOCK3,-0.24669363,0.24669363,1.6167828
POU3F2,-0.2453273,0.2453273,2.8599443
SCTR,-0.24518491,0.24518491,-0.41430673
DPYSL5,-0.24456555,0.24456555,2.9977965
HPCAL4,-0.24008079,0.24008079,2.3785386
ACSM3,-0.23935091,0.23935091,-1.7556571
GPR37L1,-0.23931856,0.23931856,2.8564086
KRT5,-0.23898964,0.23898964,-0.68601066
SLC39A12,-0.23875597,0.23875597,3.5727077
CLIC1,0.23807336,0.23807336,-2.521638
PCSK9,0.23734616,0.23734616,-1.0595448
RBM47,0.23684826,0.23684826,-1.9271632
CEND1,-0.2363128,0.2363128,2.6212757
UGT2B7,0.23365988,0.23365988,-0.7909797
DSG3,0.23054785,0.23054785,-0.9823661
SFTPC,-0.2291918,0.2291918,0.6393354
ACPP,0.22817263,0.22817263,-0.9336334
TP63,0.22299242,0.22299242,-1.0583696
SLC1A5,0.22070082,0.22070082,-1.7698504
SPDEF,0.22023879,0.22023879,-1.1037997
DUOXA2,0.21946628,0.21946628,-0.6423858
KRT17,0.21852298,0.21852298,-1.629715
CANT1,0.21594654,0.21594654,-1.3861659
LHFPL4,-0.21485439,0.21485439,2.566931
ATP6V1G2,-0.21345755,0.21345755,2.6520367
NYX,0.21271363,0.21271363,0.6850068
CHMP4C,0.21187854,0.21187854,-2.76501
ROS1,0.21171498,0.21171498,-0.78203887
SLC25A18,0.21101512,0.21101512,2.5477254
OVOL2,0.20978379,0.20978379,-2.340099
PERP,0.20575008,0.20575008,-1.9945166
STX19,0.20557213,0.20557213,-0.78501165
FAM131B,-0.20527023,0.20527023,2.593207
CRYGN,0.20223728,0.20223728,-0.8516894
PI3,0.20204575,0.20204575,-1.069861
EPN3,0.20173611,0.20173611,-2.2854078
MOGAT3,0.20094892,0.20094892,-0.4572494
TES,0.2008027,0.2008027,-3.0139964
CNKSR1,0.19972302,0.19972302,-1.361367
SLC26A7,0.19962099,0.19962099,-0.4447806
ARHGEF16,0.19813994,0.19813994,-1.7220116
MUC13,0.1980762,0.1980762,-0.8900623
SLC17A3,0.19489571,0.19489571,-0.41424814
TMEM171,0.1930863,0.1930863,-0.7428466
SLC37A4,-0.191684,0.191684,-1.1213354
EPS8L3,0.19099104,0.19099104,-0.59242845
DMGDH,-0.18887867,0.18887867,0.26441178
CDH1,0.1887607,0.1887607,-2.804131
SLC45A3,-0.18633747,0.18633747,0.7729965
NPY,-0.18572553,0.18572553,1.5045894
MYO7B,0.18520306,0.18520306,0.089760795
SALL1,-0.18484269,0.18484269,1.4655006
SLC5A10,-0.1839236,0.1839236,-1.001279
CPLX3,-0.1832335,0.1832335,1.2869108
SORCS3,-0.18228501,0.18228501,2.121557
MYCBP,0.181759,0.181759,-2.089842
PHLDA2,0.1784102,0.1784102,-2.996747
RORC,0.17690682,0.17690682,-2.3268495
LSAMP,-0.17554931,0.17554931,2.0325923
FAM83H,0.17515834,0.17515834,-2.7196598
C1orf116,0.1744154,0.1744154,-2.0736456
ZDHHC22,-0.17423947,0.17423947,2.8183951
QKI,-0.17288014,0.17288014,2.8040364
C2orf80,-0.17258467,0.17258467,1.8791823
RB1,-0.17135161,0.17135161,0.80226046
SOX1,-0.17031536,0.17031536,2.4359484
NKX2-1,0.17025146,0.17025146,-0.6630076
SLC17A1,0.16972464,0.16972464,-0.37166306
SCGB3A2,0.16943993,0.16943993,-0.5616612
PAGE4,0.16831799,0.16831799,-0.38605702
ESRP2,0.16830419,0.16830419,-2.3581424
FOXG1,-0.16697681,0.16697681,2.0447857
AGXT2,-0.16619687,0.16619687,-0.39102238
TFAP2C,0.1661818,0.1661818,-1.0389627
KRT6A,0.16576253,0.16576253,-1.0069577
BSN,-0.16561513,0.16561513,1.6846561
FEZ1,-0.16544178,0.16544178,2.8722858
CADM2,-0.16527717,0.16527717,2.2293684
SLC39A5,0.16496772,0.16496772,-0.76464325
A1CF,0.16483685,0.16483685,-0.5069278
HOXB5,0.16425446,0.16425446,-1.7000291
ASPDH,0.16227698,0.16227698,2.079286
TMEM151B,-0.16196786,0.16196786,2.2508812
RAB11FIP1,0.16143891,0.16143891,-2.2827404
ELMOD1,0.15895565,0.15895565,2.0539143
RASSF6,0.15786207,0.15786207,-2.4013708
LSR,0.1575419,0.1575419,-2.007127
TUFT1,0.15630306,0.15630306,-3.2403548
HOXA9,-0.15508461,0.15508461,-1.3500481
UGT1A9,0.15503338,0.15503338,-0.71560067
SPOCK3,-0.15431668,0.15431668,2.4723485
TPBG,0.1542849,0.1542849,-1.6442564
SEZ6L,-0.15361314,0.15361314,2.273862
OLIG1,-0.15343544,0.15343544,2.9076371
ARHGEF19,0.1516727,0.1516727,-2.1875777
CALML3,-0.149615,0.149615,-0.91092086
DUOX2,0.14922349,0.14922349,-0.6741685
KLK2,0.14853318,0.14853318,-0.59024334
GPA33,0.14834765,0.14834765,-0.75236076
SLC17A6,0.1471628,0.1471628,1.3110446
PDIA5,0.14677252,0.14677252,-2.4199045
GDAP1L1,0.1460919,0.1460919,2.7418456
PLEKHG6,0.14571904,0.14571904,-2.599152
NEU4,0.14297403,0.14297403,2.4103382
STEAP1,0.14138846,0.14138846,-1.2960818
TP53,-0.13981935,0.13981935,-0.73498356
PDZK1,0.13961217,0.13961217,-0.16706818
NAPSA,0.13721682,0.13721682,-0.607906
ZNF750,0.13681209,0.13681209,-1.5953102
KLK15,-0.13680995,0.13680995,-0.5516639
HRH3,-0.13601655,0.13601655,1.757327
ARHGEF5,-0.13595948,0.13595948,-2.42273
GDF1,0.13534968,0.13534968,2.642088
TMEM30B,0.13207132,0.13207132,-2.274718
KRT15,0.13181211,0.13181211,-1.7076472
CYP2S1,0.13128196,0.13128196,-0.9927321
HES6,0.13078824,0.13078824,1.8855792
SFTPA2,0.12903675,0.12903675,-0.8028449
NKX3-1,0.12892412,0.12892412,-0.61628574
SLC44A4,0.12862276,0.12862276,-2.0165515
PSD2,-0.1282439,0.1282439,2.6626706
RAB38,0.1273104,0.1273104,-1.6056533
MGAT4C,0.12587032,0.12587032,2.0041332
HOXB8,0.12576343,0.12576343,-1.1762007
GPM6B,-0.12520213,0.12520213,2.7970316
KLK4,0.12120423,0.12120423,-0.81123173
BIK,0.120105796,0.120105796,-1.3505063
FXYD2,0.119921856,0.119921856,-0.27005666
TFAP2A,0.11952547,0.11952547,-0.9433517
IL1A,0.11868747,0.11868747,1.0028789
LYPD3,0.11651089,0.11651089,-1.178451
KRT6B,0.116020516,0.116020516,-0.97845465
ARHGEF35,0.115631714,0.115631714,-2.588702
IVL,0.11542567,0.11542567,-0.8293526
RLBP1,-0.11542281,0.11542281,2.1189995
VIL1,0.114240244,0.114240244,-0.53130925
SFTA2,0.112131044,0.112131044,-0.8219094
OR51E1,0.11134458,0.11134458,-1.8402183
OLIG2,-0.11068119,0.11068119,2.9153323
GPSM2,-0.11038879,0.11038879,1.4710253
KRAS,-0.11031614,0.11031614,-0.33365184
GREB1,-0.11007846,0.11007846,0.6878504
ROM1,-0.10985804,0.10985804,2.782384
BRCA1,0.10746966,0.10746966,-0.31135166
TRPS1,-0.10674476,0.10674476,0.39295596
GABBR2,0.10546901,0.10546901,1.7268244
C9orf152,0.10474317,0.10474317,-1.3128626
IMPA2,0.104318514,0.104318514,-1.7757125
PABPC1L2B,-0.10398273,0.10398273,1.2903341
SLC13A1,0.103662886,0.103662886,-0.36760217
B4GALT1,0.10302321,0.10302321,-2.0759382
LRRC26,0.10078049,0.10078049,-1.0037035
MEGF11,-0.09993077,0.09993077,2.15997
CDH17,0.09993015,0.09993015,-0.31120446
CUBN,0.09928647,0.09928647,-0.46028012
EVX1,-0.09926343,0.09926343,-0.5392194
DLL3,0.09892387,0.09892387,2.6964114
KRT16,0.09882114,0.09882114,-1.1133606
RND2,-0.09847477,0.09847477,2.5421817
SLC35F1,-0.09843492,0.09843492,1.9992163
LPAR3,-0.09800164,0.09800164,-1.2637048
NDRG4,-0.09779188,0.09779188,2.1202354
SLC28A1,-0.09736213,0.09736213,0.26483482
IRX4,0.096939944,0.096939944,-0.63150096
HMGA1,0.09618773,0.09618773,-0.9270734
DUOXA1,0.095635444,0.095635444,-0.23113078
RUFY3,-0.09441956,0.09441956,2.251963
SFTPA1,0.09430601,0.09430601,-0.5867557
FAM83E,0.09308945,0.09308945,-1.3367146
SOX8,-0.09263393,0.09263393,2.6039212
CDX1,0.09113412,0.09113412,-0.624622
SFTA3,0.09064152,0.09064152,-0.6504656
HAVCR1,-0.090262264,0.090262264,-0.45334205
DENND2D,0.08979079,0.08979079,-2.182624
RAB34,0.08913662,0.08913662,-1.8654969
LTBR,0.08709978,0.08709978,-2.6026192
FGFBP1,0.085640505,0.085640505,-1.2020044
TMEFF2,-0.08563417,0.08563417,1.5999109
PGC,0.085129544,0.085129544,-0.7271856
SPRR1B,0.08413998,0.08413998,-0.63978654
DBX2,0.083442196,0.083442196,2.7319834
FAM83A,0.083430715,0.083430715,-1.1926425
HEPN1,-0.08313516,0.08313516,2.9276445
NKAIN3,0.08313354,0.08313354,3.5663369
CDX2,0.08210009,0.08210009,-0.5917563
CELF3,0.08176139,0.08176139,1.9855139
MYT1L,-0.081722714,0.081722714,2.2028773
CDCA4,0.081372224,0.081372224,-1.8515744
CTSB,0.08107724,0.08107724,-0.578693
TMPRSS13,0.08104963,0.08104963,-2.1642206
DSCAML1,0.080558226,0.080558226,1.9171791
SERPINB13,0.08049092,0.08049092,-0.58479893
TEAD3,0.08044344,0.08044344,-3.2903051
ARHGAP6,0.08023959,0.08023959,1.1740717
CLRN3,0.07973069,0.07973069,-0.2873779
RAB17,0.07875895,0.07875895,-2.484948
OR2A7,0.07779269,0.07779269,-2.6447296
PKLR,-0.07718475,0.07718475,-0.7360237
ANXA4,0.07651124,0.07651124,-1.4664798
SERPINB3,0.07628639,0.07628639,-0.7277163
S100A2,0.07593432,0.07593432,-0.62140393
GPR87,-0.07584996,0.07584996,-1.0756112
ANO7,0.0758427,0.0758427,-0.28896192
DDAH1,0.07503632,0.07503632,1.4297518
HOXB6,0.07301504,0.07301504,-1.5089271
CHRNA2,-0.07294477,0.07294477,-0.13293622
CNDP1,0.07270422,0.07270422,3.7892878
DHRS7,-0.071888626,0.071888626,-0.28639767
ASPA,-0.07165708,0.07165708,2.1341398
CXCL17,0.07159956,0.07159956,-1.3818606
SCRT1,0.07106766,0.07106766,2.2361999
REG4,-0.070563875,0.070563875,-0.2657078
APOBEC1,0.07045729,0.07045729,-0.40682212
RGR,-0.06952291,0.06952291,2.7819898
PIK3CA,0.069264345,0.069264345,0.15135844
MALL,0.06849898,0.06849898,-2.2633057
LGALS7B,0.067980275,0.067980275,-0.80448765
HOXB7,0.06765682,0.06765682,-0.77618146
DNAH8,-0.06662341,0.06662341,-0.237826
POU3F4,-0.066539176,0.066539176,3.171389
CARNS1,-0.06650834,0.06650834,2.9155235
SLC6A12,0.066214316,0.066214316,1.2114689
GLYATL1,0.06615543,0.06615543,-0.996927
CTNNB1,-0.066025235,0.066025235,-0.23541807
SERPINB4,0.064346224,0.064346224,-0.6801853
RFPL2,-0.0641465,0.0641465,-0.52066344
HPN,0.06403544,0.06403544,-0.31802145
CLIC3,0.060944095,0.060944095,-1.8288321
CD46,0.060416542,0.060416542,-2.3754768
ELF4,0.06009417,0.06009417,-1.4347667
MYC,0.05997801,0.05997801,-0.08057799
BNIPL,0.05958113,0.05958113,-1.456343
SEZ6,-0.059353657,0.059353657,2.622381
VHL,-0.058940753,0.058940753,0.18275845
SLC3A1,0.058632933,0.058632933,-0.30746084
VRK2,0.05801241,0.05801241,-1.1227412
SPRR2D,0.057961192,0.057961192,-0.603364
HOXA13,-0.057247244,0.057247244,-0.52871
SPRR1A,0.0567846,0.0567846,-0.6158427
SVOP,-0.056770578,0.056770578,2.0184073
TTYH2,0.056478802,0.056478802,2.6492145
LGALS7,0.056361817,0.056361817,-0.8940941
TM4SF5,0.056105115,0.056105115,-0.5215167
IL1RN,0.055843104,0.055843104,0.06421218
RETNLB,0.05434843,0.05434843,-0.32045797
CLCA2,0.05396439,0.05396439,0.042082988
ZDHHC5,0.053893283,0.053893283,-2.772667
TTYH1,-0.053374507,0.053374507,2.7956135
KRT6C,0.05334821,0.05334821,-0.8290323
TNK1,0.05306719,0.05306719,-1.9898833
CYP2C18,0.052931976,0.052931976,-0.71370983
FABP2,-0.05261475,0.05261475,-0.42753452
CREB3L4,0.052395973,0.052395973,-1.1730431
HOXA11,0.052292388,0.052292388,-0.68419355
RSPH6A,0.05215057,0.05215057,-0.51188666
MUC12,0.051807825,0.051807825,-0.46661043
SLC2A2,0.051718216,0.051718216,-0.2253114
LRRC15,0.05089809,0.05089809,-1.1053728
SPRR2A,0.05089389,0.05089389,-0.5853647
CDH16,0.050498016,0.050498016,-0.7871083
SBSN,0.049368426,0.049368426,-0.7805642
TET2,-0.04888387,0.04888387,0.48111078
ATP10B,-0.048475273,0.048475273,1.2381687
C21orf62,0.048454054,0.048454054,2.3347743
KPRP,0.04760586,0.04760586,-0.4168751
ELMO3,-0.047311757,0.047311757,-3.44656
CTSE,0.046516012,0.046516012,-1.0839075
CCL15,0.046513963,0.046513963,-0.76618457
C1orf94,0.045765806,0.045765806,3.468149
TRIM31,0.04515657,0.04515657,-0.801446
SNTG1,-0.044781186,0.044781186,2.6235988
OR51E2,0.043817934,0.043817934,-0.9707373
FABP1,0.04368044,0.04368044,-0.436182
SLC10A2,0.04360025,0.04360025,-0.41514182
SCG3,-0.043407723,0.043407723,2.779587
ADH6,0.0432792,0.0432792,-0.7122058
ACMSD,0.04307474,0.04307474,-0.42420346
AMACR,0.042998172,0.042998172,-0.40929985
LLGL2,-0.042406984,0.042406984,-1.5778487
MPZL2,0.041721143,0.041721143,-3.339545
SPINK4,0.041560434,0.041560434,-0.43739316
SPRR2E,0.04139233,0.04139233,-0.49543282
SPRR2B,0.0409693,0.0409693,-0.3932998
SOX3,-0.040400647,0.040400647,2.4492419
TMEM174,0.040242635,0.040242635,0.20654258
ALDH3B2,0.039808944,0.039808944,-1.7211417
MST4,0.039673656,0.039673656,-1.8200681
C6orf223,0.039518494,0.039518494,-1.405691
TEC,0.03949957,0.03949957,-1.8851136
C15orf21,0.039495386,0.039495386,-0.930224
GDEP,0.03949529,0.03949529,-0.31389737
SLAIN1,0.039490093,0.039490093,2.244382
LOC642587,0.03948937,0.03948937,-1.1813575
FAM57B,0.03948816,0.03948816,2.2458827
TMEM72,0.039487384,0.039487384,-0.35225773
SLC16A12,0.03948682,0.03948682,-1.1910341
LOC645323,0.039486602,0.039486602,2.502825
LOC400940,0.03948642,0.03948642,2.2642684
HOXA11AS,0.03948642,0.03948642,-0.86045444
FAM123A,0.039486058,0.039486058,3.2234073
PLVAP,0.03948589,0.03948589,-1.4185145
C19orf77,0.03948578,0.03948578,-0.32108733
CSDAP1,0.039485473,0.039485473,-1.4933349
FAM181B,0.039485164,0.039485164,2.3761134
C2orf85,0.039485067,0.039485067,2.3763108
LOC100128811,0.039485034,0.039485034,2.396212
PURG,0.039484743,0.039484743,2.509414
KCTD4,0.039484628,0.039484628,2.76046
LONRF2,0.03948448,0.03948448,0.8904987
EGFL6,0.03948438,0.03948438,-1.833079
AQP4,0.039484005,0.039484005,2.3266504
SNN,0.039483745,0.039483745,2.6485863
LUZP2,0.039483704,0.039483704,2.5208054
LASS1,0.039483458,0.039483458,2.6259823
TTC9B,0.039483458,0.039483458,2.5260139
ITIH5L,0.0394834,0.0394834,-0.9338389
ENHO,0.039483238,0.039483238,2.418996
LOC283856,0.03948303,0.03948303,2.4249814
ZBED2,0.039483026,0.039483026,-1.4552045
PRRG2,0.039483007,0.039483007,-1.8978715
C8orf46,0.039482996,0.039482996,2.5417821
SMPDL3B,0.039482947,0.039482947,-2.4057255
PRELID2,0.039482746,0.039482746,-1.5401272
AIM1L,0.039482675,0.039482675,-1.5504642
C5orf53,0.039482646,0.039482646,2.5595899
RFTN2,0.03948258,0.03948258,2.889238
LOC150622,0.039482556,0.039482556,2.8152392
LOC283999,0.03948254,0.03948254,4.408468
RMST,0.039482538,0.039482538,0.90182984
LOC339788,0.03948253,0.03948253,4.485344
PVRL4,0.039482523,0.039482523,-2.5793748
CXorf1,0.03948252,0.03948252,2.5670757
FAM83F,0.039482497,0.039482497,-1.936191
LOC148145,0.039482463,0.039482463,3.760145
FAM160A1,0.039482452,0.039482452,-2.6349645
SH2D4A,0.039482433,0.039482433,-2.6691298
GPRC5A,0.039482422,0.039482422,-2.6982872
ACCN4,0.039482422,0.039482422,2.5724924
RBP5,0.039482422,0.039482422,-1.4705989
ANKRD5,0.039482407,0.039482407,-2.7543721
TMC4,0.039482404,0.039482404,-2.7121084
C1orf172,0.039482396,0.039482396,-2.7672153
BAALC,0.03948238,0.03948238,2.574286
C11orf82,0.039482377,0.039482377,-0.962472
FLJ43390,0.039482374,0.039482374,2.6888897
C1orf210,0.03948237,0.03948237,-2.845899
CCDC64B,0.039482366,0.039482366,-2.8365269
GYLTL1B,0.039482348,0.039482348,-2.8988514
CTAGE9,0.039482344,0.039482344,-2.8592024
TMEM184A,0.039482344,0.039482344,-2.9092379
AIM1,0.039482336,0.039482336,-2.9730008
LOC441294,0.039482336,0.039482336,-2.9087095
TTC39A,0.03948232,0.03948232,-3.0275707
KIAA1217,0.039482318,0.039482318,-3.02265
VDR,0.039482314,0.039482314,-3.0424647
GPR123,0.0394823,0.0394823,2.5786119
TSTD1,0.0394823,0.0394823,-3.214517
EFCAB4A,0.039482296,0.039482296,-1.9942023
LOC728392,0.039482288,0.039482288,2.8587027
RNF112,0.039482288,0.039482288,2.125954
SCHIP1,0.039482277,0.039482277,2.451439
ROD1,0.039482262,0.039482262,-2.009514
C20orf151,0.03948225,0.03948225,-2.016246
LOC150568,0.03948223,0.03948223,2.8840303
TMEM87B,0.039482225,0.039482225,-2.0260484
TMEM159,0.039482217,0.039482217,-3.7358449
SOX2OT,0.039482217,0.039482217,2.8794773
ZNF610,0.039482176,0.039482176,0.90492654
CASZ1,0.03948217,0.03948217,-1.6495738
SCRT2,0.039482154,0.039482154,2.3395698
CENPW,0.039482128,0.039482128,-1.6593754
GPR109A,0.0394821,0.0394821,-1.6689943
NAP1L3,0.03948207,0.03948207,2.340325
PRSS22,0.039482053,0.039482053,-2.1117535
TNFAIP8,0.03948205,0.03948205,-2.1147394
LOC100192378,0.03948205,0.03948205,2.5898678
ZNF552,0.03948204,0.03948204,-1.6808164
TMEM196,0.039482016,0.039482016,2.8958197
LOC157627,0.039482012,0.039482012,2.9124901
KBTBD11,0.039481957,0.039481957,1.7231132
TMEM229A,0.039481945,0.039481945,2.9278128
C1orf61,0.039481923,0.039481923,2.9344904
AGXT2L1,0.03948192,0.03948192,3.3103645
RP1-177G6.2,0.039481893,0.039481893,1.7234447
KLHL32,0.03948183,0.03948183,2.635422
CYB561,0.03948179,0.03948179,-2.1933224
LOC283761,0.039481763,0.039481763,2.7190943
FAM69C,0.03948159,0.03948159,2.600352
ANXA2P1,0.03948158,0.03948158,-1.7616332
C19orf46,0.039481554,0.039481554,-1.7631125
SHD,0.039481543,0.039481543,2.6012454
IGSF9,0.039481416,0.039481416,-1.3647245
LOC285370,0.03948139,0.03948139,1.3373207
SQRDL,0.039481323,0.039481323,-1.7782974
KIAA1409,0.039481282,0.039481282,2.2993205
SMAGP,0.039481193,0.039481193,-1.7840186
C21orf131,0.039481156,0.039481156,3.8832798
C12orf27,0.039481025,0.039481025,-0.72664756
SCRG1,0.039480977,0.039480977,2.606934
SNX22,0.03948096,0.03948096,1.1353858
TCEA2,0.039480925,0.039480925,1.1614225
PPAP2B,0.03948092,0.03948092,1.1652185
ACCN2,0.03948089,0.03948089,1.8897936
EMX2OS,0.039480884,0.039480884,1.1869975
LOC339674,0.039480865,0.039480865,2.4765604
LOC100130933,0.039480865,0.039480865,0.81581706
ZFP2,0.039480727,0.039480727,0.9654195
GAL3ST3,0.039480712,0.039480712,1.291402
PABPC1L2A,0.039480705,0.039480705,1.0126392
EFHD1,0.03948056,0.03948056,1.429728
CECR6,0.03948053,0.03948053,1.4335006
TMEM136,0.039480478,0.039480478,1.9683897
C2orf72,0.039480392,0.039480392,1.454337
PCDHGC4,0.039480336,0.039480336,2.3516188
HMP19,0.039480295,0.039480295,2.6103332
FLJ16779,0.03948005,0.03948005,3.0820558
C12orf76,0.039480027,0.039480027,2.481764
FSD1,0.03947989,0.03947989,2.1634474
ZNF540,0.039479867,0.039479867,1.0642291
ANXA2P2,0.03947978,0.03947978,-2.2877629
SEPT4,0.03947969,0.03947969,3.0869887
LPPR5,0.039479684,0.039479684,1.9773104
C14orf23,0.03947951,0.03947951,1.3200303
TUBB4,0.039479267,0.039479267,3.0916765
TCEAL5,0.039479136,0.039479136,2.0393567
C6orf134,0.039478734,0.039478734,2.1976347
ARHGAP8,0.039478723,0.039478723,-2.2947032
MTSS1L,0.03947803,0.03947803,3.0985491
MTL5,0.03947783,0.03947783,-1.8120483
MCF2L2,0.039477736,0.039477736,1.9978968
MYOM3,0.03947769,0.03947769,-1.2705059
TRIM10,0.03947749,0.03947749,-0.73618346
RASSF4,0.039477106,0.039477106,1.3110838
LOC388387,0.03947695,0.03947695,0.7167656
C5orf40,0.039476894,0.039476894,2.0470977
PCGEM1,0.039476797,0.039476797,-0.35382727
HN1L,0.0394767,0.0394767,-1.0119579
C10orf108,0.039476495,0.039476495,-0.7424082
C17orf28,0.039475985,0.039475985,-0.50743777
C9orf71,0.03947579,0.03947579,-0.52048767
TINAG,0.039475676,0.039475676,-0.52808577
DEFB132,0.039475497,0.039475497,-0.5494355
TRIM15,0.03947534,0.03947534,-0.7475621
B3GNT1,0.03947522,0.03947522,2.2283347
C17orf73,0.039475102,0.039475102,-0.3788232
DDX25,0.039475027,0.039475027,2.2286074
CCL14-CCL15,0.039474957,0.039474957,-0.5828231
C6orf222,0.03947485,0.03947485,-0.74945563
KLKP1,0.039474662,0.039474662,-0.59301156
IL1F9,0.039474636,0.039474636,-0.592837
GDA,0.039474316,0.039474316,0.55913115
FAM55A,0.03947422,0.03947422,-0.40107447
EPB41L4B,0.039473873,0.039473873,-1.407656
ZCCHC12,0.039473817,0.039473817,0.43601635
DRP2,0.039473686,0.039473686,2.0571136
ZNF761,0.03947338,0.03947338,-0.73395807
ANXA2P3,0.03947303,0.03947303,-0.625851
IL1F5,0.039472807,0.039472807,-0.7879577
PVRL1,0.03947278,0.03947278,0.3392872
GBA3,0.039472774,0.039472774,0.49343613
PRAC,0.0394727,0.0394727,-0.38379323
STARD5,0.03947265,0.03947265,-1.4002632
C10orf99,0.039472505,0.039472505,-0.7599625
DKFZP434H168,0.039472163,0.039472163,0.3331171
C17orf102,0.039470877,0.039470877,2.0070348
ZBTB47,0.039470196,0.039470196,2.3126938
PTTG3P,0.039470177,0.039470177,-0.95168614
TARP,0.03946935,0.03946935,0.310311
LCN12,0.03946897,0.03946897,0.16556805
BEND4,0.039467216,0.039467216,0.62171394
ZCCHC16,0.03946563,0.03946563,0.26942056
KLHL14,0.039465394,0.039465394,-0.6696446
CLEC18C,0.039464567,0.039464567,-0.18529688
C18orf45,0.03946394,0.03946394,-1.4027832
LOC643763,0.039462518,0.039462518,3.1085818
MAB21L2,0.039462503,0.039462503,-0.19527262
ANXA8L2,0.039462335,0.039462335,-0.6746453
POTEG,0.039459277,0.039459277,-0.39083025
C8orf56,0.039455704,0.039455704,2.069435
GBP6,0.03945542,0.03945542,-0.68070763
PA2G4P4,0.039455384,0.039455384,-0.14639096
TCERG1L,0.039454345,0.039454345,-0.15486373
TMEM27,0.039453268,0.039453268,-0.15928006
LOC286002,0.039453093,0.039453093,0.12724026
C20orf56,0.039451327,0.039451327,-0.8203938
TC2N,0.039449953,0.039449953,-0.79681134
TMEM40,0.03944572,0.03944572,-0.7974951
HHLA2,0.039444514,0.039444514,-0.09797839
RNF186,0.03944412,0.03944412,-0.7976882
C14orf105,0.039431352,0.039431352,0.081193656
CLEC18B,0.03942921,0.03942921,0.07401602
POTEH,0.039419565,0.039419565,-0.39355937
LOC285733,0.03941818,0.03941818,0.059620112
CLEC18A,0.039411623,0.039411623,0.04699518
LASS3,0.039407566,0.039407566,-0.053429015
C11orf52,0.039407384,0.039407384,-1.8194497
TRIM40,0.03938092,0.03938092,-0.44248718
PCA3,0.039372526,0.039372526,-0.30793276
METTL7B,0.039359007,0.039359007,-0.03041145
PPAP2A,0.039355148,0.039355148,0.028436206
PRAP1,0.039327025,0.039327025,-0.7846145
SPRR2C,0.039311867,0.039311867,-0.44883865
CFC1B,0.0392835,0.0392835,0.017891852
MIA2,0.039238125,0.039238125,-0.82588726
BAI3,0.039157815,0.039157815,2.3652213
NR1I2,-0.039012328,0.039012328,-0.52327365
DPYS,-0.03895519,0.03895519,-0.3888546
NAT8,0.038101263,0.038101263,-0.2432509
SPRR2G,0.038017675,0.038017675,-0.44718903
SNAP91,-0.037834108,0.037834108,2.23469
SERINC2,0.03724345,0.03724345,-2.9811308
C6orf132,0.03709306,0.03709306,-2.6097996
SULT1C2,0.03574413,0.03574413,-0.5176962
ERN2,0.035166126,0.035166126,-0.6337093
BTBD17,0.034710955,0.034710955,2.3952737
LMO3,-0.034615364,0.034615364,1.1062351
TCF21,0.03461447,0.03461447,-1.0448073
CORO2A,0.034431126,0.034431126,-2.890953
PITX1,-0.034322165,0.034322165,-0.42285737
PHYHIPL,-0.03358029,0.03358029,2.250439
KRT78,0.03343611,0.03343611,-0.6297262
ATCAY,0.033197403,0.033197403,2.5157166
ATP6V0E2,-0.03312748,0.03312748,1.5462763
MRO,0.032974146,0.032974146,2.479838
WFDC5,0.032748885,0.032748885,-0.6762781
TMEM132B,-0.03253703,0.03253703,2.0377433
SYT6,-0.03208592,0.03208592,2.5523314
ANKRD30A,0.03163292,0.03163292,-0.4816002
FAM83G,0.03128335,0.03128335,-2.6661236
KLK9,0.030925628,0.030925628,-0.47547457
CLIP2,0.029869793,0.029869793,2.268445
EHF,0.02914753,0.02914753,-1.3379639
WNT7B,-0.029093917,0.029093917,0.23687093
RIT2,-0.028467074,0.028467074,0.97044915
SALL3,0.026894363,0.026894363,2.280593
MUC17,0.02675355,0.02675355,-0.4304459
ST3GAL5,0.026406007,0.026406007,0.73916113
OMG,-0.02640487,0.02640487,3.277525
KRT20,0.026043134,0.026043134,-0.4956681
SCEL,0.025935404,0.025935404,-0.96322376
PGLYRP4,-0.025526369,0.025526369,-0.69186735
PLA2G4E,0.025481177,0.025481177,-0.6226077
NR1H4,-0.025358181,0.025358181,0.28682426
RPS4Y2,-0.024403647,0.024403647,0.050461683
SLITRK3,0.024261067,0.024261067,2.2446506
CMTM5,-0.02421988,0.02421988,3.0609608
KRTDAP,0.023471834,0.023471834,-0.49378136
EMX2,-0.022947773,0.022947773,1.0194297
SERPINB1,0.022437729,0.022437729,-1.1890872
IHH,0.02230535,0.02230535,-0.7960111
KRT80,0.021863524,0.021863524,-2.588571
SLC6A13,-0.02157854,0.02157854,0.7066891
TRPM8,-0.021373874,0.021373874,-0.83547544
TMPRSS11A,0.021320537,0.021320537,-0.5241701
BHMT,-0.020313129,0.020313129,-0.53821754
ADH7,0.019928152,0.019928152,-0.5462038
LRRC19,0.019469919,0.019469919,-0.797087
ISX,-0.01932363,0.01932363,-0.51429784
NPAS3,-0.019299168,0.019299168,1.9106544
C4BPA,0.018759103,0.018759103,-0.7695938
GALNT8,0.018688548,0.018688548,0.252436
RDH11,0.01862943,0.01862943,0.22623196
TM4SF20,0.018440472,0.018440472,-0.083463594
LCE3D,0.018133923,0.018133923,-0.39732414
AZGP1,0.0179551,0.0179551,-0.17291099
CPNE4,-0.017903155,0.017903155,-0.1424563
PGLYRP3,-0.017619241,0.017619241,-0.5352066
LCE3E,0.01711753,0.01711753,-0.37066466
GSX1,-0.01608348,0.01608348,3.2249053
MIOX,0.01578495,0.01578495,-0.810541
GPR35,0.015716102,0.015716102,-0.3871251
ST6GALNAC1,-0.01520048,0.01520048,0.071237504
CRCT1,0.014975341,0.014975341,-0.43610713
THRSP,0.014767358,0.014767358,-0.18022725
FEV,-0.013164395,0.013164395,-0.5095063
LMAN1L,0.01270439,0.01270439,-0.1305694
ZNF488,-0.012688334,0.012688334,2.6056285
PAX2,0.0124889845,0.0124889845,-0.6611249
GPR61,-0.012091749,0.012091749,1.4159323
POU3F3,-0.011650227,0.011650227,1.8726089
ENAM,-0.011314965,0.011314965,-0.12403684
SDR9C7,0.011149416,0.011149416,-0.5095368
ALDOB,0.011123722,0.011123722,0.1903962
RGL3,-0.010133783,0.010133783,-0.085633405
FAM83C,0.010031342,0.010031342,-0.65817946
HKDC1,0.009839526,0.009839526,-0.12619902
DENND5A,-0.009539707,0.009539707,2.6719682
CREB3L3,0.009465982,0.009465982,0.02508169
BTNL3,0.009097143,0.009097143,0.17742375
UGT2A3,-0.009062919,0.009062919,-0.49590024
ATOH1,0.008979437,0.008979437,-0.10452518
RFX4,-0.008426947,0.008426947,3.1989977
FEZF2,-0.008179749,0.008179749,2.0954244
BNC1,-0.007763382,0.007763382,-0.65826714
TTBK1,-0.007656604,0.007656604,2.2438793
PLEKHB1,0.0075520696,0.0075520696,2.3753457
COL20A1,-0.0072231507,0.0072231507,3.2304451
GCNT3,0.007140162,0.007140162,-1.5142657
MREG,0.006875865,0.006875865,-0.77203107
UPB1,0.0061368593,0.0061368593,0.39744502
PNMA2,-0.005813334,0.005813334,1.9350985
APOF,0.0054464247,0.0054464247,-0.2551706
ST8SIA3,0.00527677,0.00527677,2.51914
PTEN,-0.0051754573,0.0051754573,-0.5331507
TG,0.004883064,0.004883064,-0.16086851
GAL3ST1,0.0046840594,0.0046840594,1.2660339
BICD2,0.004484604,0.004484604,-0.05589012
MYL4,-0.0036247303,0.0036247303,-0.80650216
SCGB2A2,0.003505253,0.003505253,-0.5118978
STK32A,-0.0031198836,0.0031198836,1.7873142
SOX21,0.002982205,0.002982205,1.7542143
CRB3,-0.0029700333,0.0029700333,-2.9310653
PRLR,-0.0027615821,0.0027615821,-1.1584426
GPR17,0.002727353,0.002727353,2.4423237
CLCA1,0.0023008788,0.0023008788,-0.009331119
CLASP2,0.0021064375,0.0021064375,2.7529223
HOXA10,0.0020315708,0.0020315708,-0.9186739
PYCR1,0.0018759269,0.0018759269,-0.019974083
SIX4,0.0018478332,0.0018478332,0.039085317
SFTPD,-0.0011127638,0.0011127638,0.006593463
PEA15,0.0007797624,0.0007797624,3.248733
GALNT9,0.0004833611,0.0004833611,1.5232239
EGFR,-0.00038872662,0.00038872662,0.3956375
CITED1,0.00031184117,0.00031184117,-0.0029735998
GALNT6,2.0462385e-05,2.0462385e-05,-0.0021971073
